Workbook

Sheet Dashboard
B2: Actividad de videojuegos en Steam
B3: Enero de 2024–septiembre de 2025 | Muestra constante de 2.778 videojuegos
B5: Año | C5: 2025 | E5: Mes | F5: 09 | H5: Cambia las celdas amarillas
B7: =IF(COUNTIF('Datos mensuales'!A2:A22,C5&"-"&TEXT(F5,"00"))=0,"Sin datos para este mes","Periodo: "&C5&"-"&TEXT(F5,"00")) -> Periodo: 2025-09
B9: Videojuegos | E9: Suma jugadores medios | I9: Mediana por juego
B10: =IF(D40=0,"Sin datos",INDEX('Datos mensuales'!B2:B22,D40)) -> 2778 | E10: =IF(D40=0,"Sin datos",INDEX('Datos mensuales'!C2:C22,D40)) -> 3034984.8 | I10: =IF(D40=0,"Sin datos",INDEX('Datos mensuales'!D2:D22,D40)) -> 20.665
B12: Jugadores simultáneos. Las cifras no representan personas únicas ni todo Steam.
B14: Top 10 del mes | C14: Jugadores medios
B15: =IF($D$40=0,"Sin datos",INDEX('Datos mensuales'!E2:E22,$D$40)) -> Counter-Strike 2 | C15: =IF($D$40=0,"",INDEX('Datos mensuales'!F2:F22,$D$40)) -> 925940.31
B16: =IF($D$40=0,"Sin datos",INDEX('Datos mensuales'!G2:G22,$D$40)) -> PUBG: BATTLEGROUNDS | C16: =IF($D$40=0,"",INDEX('Datos mensuales'!H2:H22,$D$40)) -> 278095.62
B17: =IF($D$40=0,"Sin datos",INDEX('Datos mensuales'!I2:I22,$D$40)) -> Rust | C17: =IF($D$40=0,"",INDEX('Datos mensuales'!J2:J22,$D$40)) -> 85515
B18: =IF($D$40=0,"Sin datos",INDEX('Datos mensuales'!K2:K22,$D$40)) -> Stardew Valley | C18: =IF($D$40=0,"",INDEX('Datos mensuales'!L2:L22,$D$40)) -> 58648.51
B19: =IF($D$40=0,"Sin datos",INDEX('Datos mensuales'!M2:M22,$D$40)) -> Grand Theft Auto V Legacy | C19: =IF($D$40=0,"",INDEX('Datos mensuales'!N2:N22,$D$40)) -> 55605.21
B20: =IF($D$40=0,"Sin datos",INDEX('Datos mensuales'!O2:O22,$D$40)) -> Tom Clancy's Rainbow Six® Siege | C20: =IF($D$40=0,"",INDEX('Datos mensuales'!P2:P22,$D$40)) -> 51338.59
B21: =IF($D$40=0,"Sin datos",INDEX('Datos mensuales'!Q2:Q22,$D$40)) -> Hollow Knight | C21: =IF($D$40=0,"",INDEX('Datos mensuales'!R2:R22,$D$40)) -> 50741.52
B22: =IF($D$40=0,"Sin datos",INDEX('Datos mensuales'!S2:S22,$D$40)) -> Team Fortress 2 | C22: =IF($D$40=0,"",INDEX('Datos mensuales'!T2:T22,$D$40)) -> 47672.62
B23: =IF($D$40=0,"Sin datos",INDEX('Datos mensuales'!U2:U22,$D$40)) -> War Thunder | C23: =IF($D$40=0,"",INDEX('Datos mensuales'!V2:V22,$D$40)) -> 47551.92
B24: =IF($D$40=0,"Sin datos",INDEX('Datos mensuales'!W2:W22,$D$40)) -> Dead by Daylight | C24: =IF($D$40=0,"",INDEX('Datos mensuales'!X2:X22,$D$40)) -> 47389.1
B27: Mes del año elegido | C27: Suma jugadores medios
B28: 01 | C28: =IF(COUNTIF('Datos mensuales'!$A$2:$A$22,$C$5&"-"&B28)=0,NA(),SUMIF('Datos mensuales'!$A$2:$A$22,$C$5&"-"&B28,'Datos mensuales'!$C$2:$C$22)) -> 3419875.9
B29: 02 | C29: =IF(COUNTIF('Datos mensuales'!$A$2:$A$22,$C$5&"-"&B29)=0,NA(),SUMIF('Datos mensuales'!$A$2:$A$22,$C$5&"-"&B29,'Datos mensuales'!$C$2:$C$22)) -> 3382182
B30: 03 | C30: =IF(COUNTIF('Datos mensuales'!$A$2:$A$22,$C$5&"-"&B30)=0,NA(),SUMIF('Datos mensuales'!$A$2:$A$22,$C$5&"-"&B30,'Datos mensuales'!$C$2:$C$22)) -> 3358597.3
B31: 04 | C31: =IF(COUNTIF('Datos mensuales'!$A$2:$A$22,$C$5&"-"&B31)=0,NA(),SUMIF('Datos mensuales'!$A$2:$A$22,$C$5&"-"&B31,'Datos mensuales'!$C$2:$C$22)) -> 3168002.9
B32: 05 | C32: =IF(COUNTIF('Datos mensuales'!$A$2:$A$22,$C$5&"-"&B32)=0,NA(),SUMIF('Datos mensuales'!$A$2:$A$22,$C$5&"-"&B32,'Datos mensuales'!$C$2:$C$22)) -> 3157307.6
B33: 06 | C33: =IF(COUNTIF('Datos mensuales'!$A$2:$A$22,$C$5&"-"&B33)=0,NA(),SUMIF('Datos mensuales'!$A$2:$A$22,$C$5&"-"&B33,'Datos mensuales'!$C$2:$C$22)) -> 3298497.9
B34: 07 | C34: =IF(COUNTIF('Datos mensuales'!$A$2:$A$22,$C$5&"-"&B34)=0,NA(),SUMIF('Datos mensuales'!$A$2:$A$22,$C$5&"-"&B34,'Datos mensuales'!$C$2:$C$22)) -> 3282124.1 | E34: 2025 solo incluye enero–septiembre.
B35: 08 | C35: =IF(COUNTIF('Datos mensuales'!$A$2:$A$22,$C$5&"-"&B35)=0,NA(),SUMIF('Datos mensuales'!$A$2:$A$22,$C$5&"-"&B35,'Datos mensuales'!$C$2:$C$22)) -> 3195030.6 | E35: #N/A indica un mes sin datos, no cero jugadores.
B36: 09 | C36: =IF(COUNTIF('Datos mensuales'!$A$2:$A$22,$C$5&"-"&B36)=0,NA(),SUMIF('Datos mensuales'!$A$2:$A$22,$C$5&"-"&B36,'Datos mensuales'!$C$2:$C$22)) -> 3034984.8 | E36: Top 10: cambia con el año y mes elegidos.
B37: 10 | C37: =IF(COUNTIF('Datos mensuales'!$A$2:$A$22,$C$5&"-"&B37)=0,NA(),SUMIF('Datos mensuales'!$A$2:$A$22,$C$5&"-"&B37,'Datos mensuales'!$C$2:$C$22)) -> #N/A | E37: Gráfico: cambia con el año elegido.
B38: 11 | C38: =IF(COUNTIF('Datos mensuales'!$A$2:$A$22,$C$5&"-"&B38)=0,NA(),SUMIF('Datos mensuales'!$A$2:$A$22,$C$5&"-"&B38,'Datos mensuales'!$C$2:$C$22)) -> #N/A
B39: 12 | C39: =IF(COUNTIF('Datos mensuales'!$A$2:$A$22,$C$5&"-"&B39)=0,NA(),SUMIF('Datos mensuales'!$A$2:$A$22,$C$5&"-"&B39,'Datos mensuales'!$C$2:$C$22)) -> #N/A
B40: Fila del periodo | D40: =IFERROR(MATCH(C5&"-"&TEXT(F5,"00"),'Datos mensuales'!A2:A22,0),0) -> 21

Sheet Datos mensuales
A1: Periodo | B1: Videojuegos | C1: Suma jugadores medios | D1: Mediana por juego | E1: Juego 1 | F1: Media 1 | G1: Juego 2 | H1: Media 2 | I1: Juego 3 | J1: Media 3 | K1: Juego 4 | L1: Media 4 | M1: Juego 5 | N1: Media 5 | O1: Juego 6 | P1: Media 6 | Q1: Juego 7 | R1: Media 7 | S1: Juego 8 | T1: Media 8 | U1: Juego 9 | V1: Media 9 | W1: Juego 10 | X1: Media 10
A2: 2024-01 | B2: 2778 | C2: 3231741 | D2: 27.1 | E2: Counter-Strike 2 | F2: 760859.23 | G2: PUBG: BATTLEGROUNDS | H2: 249557.66 | I2: Grand Theft Auto V Legacy | J2: 123806.19 | K2: Team Fortress 2 | L2: 94137.4 | M2: Rust | N2: 90065.28 | O2: Monster Hunter: World | P2: 76512.76 | Q2: War Thunder | R2: 66052.16 | S2: Warframe | T2: 64766.78 | U2: Unturned | V2: 52385.54 | W2: Tom Clancy's Rainbow Six® Siege | X2: 50275.35
A3: 2024-02 | B3: 2778 | C3: 3005379.8 | D3: 24.59 | E3: Counter-Strike 2 | F3: 786630.82 | G3: PUBG: BATTLEGROUNDS | H3: 250314.93 | I3: Grand Theft Auto V Legacy | J3: 108198.07 | K3: Rust | L3: 82116.29 | M3: Team Fortress 2 | N3: 70143.03 | O3: War Thunder | P3: 70092.17 | Q3: Warframe | R3: 59247.77 | S3: Tom Clancy's Rainbow Six® Siege | T3: 57569.07 | U3: Unturned | V3: 51701.17 | W3: Monster Hunter: World | X3: 45001.94
A4: 2024-03 | B4: 2778 | C4: 3263101.9 | D4: 26.195 | E4: Counter-Strike 2 | F4: 885629.69 | G4: PUBG: BATTLEGROUNDS | H4: 281342.08 | I4: Tom Clancy's Rainbow Six® Siege | J4: 105825.14 | K4: Grand Theft Auto V Legacy | L4: 104563.67 | M4: Stardew Valley | N4: 82587.89 | O4: Rust | P4: 82242.76 | Q4: Team Fortress 2 | R4: 59993.08 | S4: War Thunder | T4: 59463.58 | U4: Warframe | V4: 50841.09 | W4: Unturned | X4: 50674.63
A5: 2024-04 | B5: 2778 | C5: 3326582.9 | D5: 23.76 | E5: Counter-Strike 2 | F5: 930748.98 | G5: PUBG: BATTLEGROUNDS | H5: 280853.22 | I5: Stardew Valley | J5: 120133.84 | K5: Grand Theft Auto V Legacy | L5: 95409.06 | M5: Tom Clancy's Rainbow Six® Siege | N5: 91493.17 | O5: Rust | P5: 80885.38 | Q5: Team Fortress 2 | R5: 64920.85 | S5: Fallout 4 | T5: 59102.06 | U5: War Thunder | V5: 53653.24 | W5: Path of Exile | X5: 52644.22
A6: 2024-05 | B6: 2778 | C6: 3250259.3 | D6: 23.13 | E6: Counter-Strike 2 | F6: 958207.34 | G6: PUBG: BATTLEGROUNDS | H6: 271364.22 | I6: Grand Theft Auto V Legacy | J6: 92747.84 | K6: Stardew Valley | L6: 89016.93 | M6: Rust | N6: 82373.76 | O6: Fallout 4 | P6: 76864.78 | Q6: Team Fortress 2 | R6: 72178.57 | S6: Tom Clancy's Rainbow Six® Siege | T6: 60580.55 | U6: War Thunder | V6: 54038.13 | W6: Unturned | X6: 52774.12
A7: 2024-06 | B7: 2778 | C7: 3291410.2 | D7: 23.605 | E7: Counter-Strike 2 | F7: 947520.53 | G7: PUBG: BATTLEGROUNDS | H7: 287498.52 | I7: Grand Theft Auto V Legacy | J7: 102804.47 | K7: Rust | L7: 97860.84 | M7: Team Fortress 2 | N7: 78099.27 | O7: Stardew Valley | P7: 64005.98 | Q7: War Thunder | R7: 59152.3 | S7: Tom Clancy's Rainbow Six® Siege | T7: 57864.53 | U7: Sid Meier’s Civilization® VI | V7: 52902.63 | W7: Dead by Daylight | X7: 44806.11
A8: 2024-07 | B8: 2778 | C8: 3334639 | D8: 26.41 | E8: Counter-Strike 2 | F8: 875365.08 | G8: PUBG: BATTLEGROUNDS | H8: 293396.8 | I8: Grand Theft Auto V Legacy | J8: 115603.54 | K8: Team Fortress 2 | L8: 97583.18 | M8: Rust | N8: 93180 | O8: Stardew Valley | P8: 82852.05 | Q8: War Thunder | R8: 56711.1 | S8: 7 Days to Die | T8: 53782.46 | U8: Tom Clancy's Rainbow Six® Siege | V8: 52112.55 | W8: Sid Meier’s Civilization® VI | X8: 51372.18
A9: 2024-08 | B9: 2778 | C9: 3264876.6 | D9: 23.67 | E9: Counter-Strike 2 | F9: 897337.88 | G9: PUBG: BATTLEGROUNDS | H9: 285247.47 | I9: Grand Theft Auto V Legacy | J9: 116181.25 | K9: Rust | L9: 90633.01 | M9: Path of Exile | N9: 76501.49 | O9: Stardew Valley | P9: 65571.14 | Q9: Team Fortress 2 | R9: 63648.29 | S9: War Thunder | T9: 60839.78 | U9: 7 Days to Die | V9: 58564 | W9: Tom Clancy's Rainbow Six® Siege | X9: 50272.3
A10: 2024-09 | B10: 2778 | C10: 3065790.5 | D10: 22.42 | E10: Counter-Strike 2 | F10: 836306.66 | G10: PUBG: BATTLEGROUNDS | H10: 298267.38 | I10: Grand Theft Auto V Legacy | J10: 97104.3 | K10: Rust | L10: 76245.68 | M10: Satisfactory | N10: 70615.03 | O10: War Thunder | P10: 55346.32 | Q10: Team Fortress 2 | R10: 52559.95 | S10: Tom Clancy's Rainbow Six® Siege | T10: 51446.86 | U10: Stardew Valley | V10: 49227.52 | W10: Sid Meier’s Civilization® VI | X10: 47384.04
A11: 2024-10 | B11: 2778 | C11: 3038098.6 | D11: 22.92 | E11: Counter-Strike 2 | F11: 829438.76 | G11: PUBG: BATTLEGROUNDS | H11: 293349.98 | I11: Grand Theft Auto V Legacy | J11: 91560.9 | K11: Rust | L11: 89776.59 | M11: Stardew Valley | N11: 66650.87 | O11: Satisfactory | P11: 60440.27 | Q11: War Thunder | R11: 57521.7 | S11: Warframe | T11: 53567.35 | U11: Team Fortress 2 | V11: 52663.55 | W11: Tom Clancy's Rainbow Six® Siege | X11: 44414.65
A12: 2024-11 | B12: 2778 | C12: 3152683.9 | D12: 22.675 | E12: Counter-Strike 2 | F12: 852164.3 | G12: PUBG: BATTLEGROUNDS | H12: 315613.2 | I12: Grand Theft Auto V Legacy | J12: 100381.18 | K12: Rust | L12: 95865.05 | M12: War Thunder | N12: 62102.74 | O12: Stardew Valley | P12: 61855.45 | Q12: Factorio | R12: 54228.89 | S12: Team Fortress 2 | T12: 51794.45 | U12: Warframe | V12: 47673.68 | W12: Monster Hunter: World | X12: 43445.83
A13: 2024-12 | B13: 2778 | C13: 3419233.3 | D13: 25.82 | E13: Counter-Strike 2 | F13: 913953.36 | G13: PUBG: BATTLEGROUNDS | H13: 321097.93 | I13: Grand Theft Auto V Legacy | J13: 123261.08 | K13: Rust | L13: 112605.48 | M13: Team Fortress 2 | N13: 68682.9 | O13: Stardew Valley | P13: 66412.98 | Q13: War Thunder | R13: 62586.84 | S13: Warframe | T13: 56169.3 | U13: Tom Clancy's Rainbow Six® Siege | V13: 47517.59 | W13: Sid Meier’s Civilization® VI | X13: 47101.43
... A22: 2025-09 | B22: 2778 | C22: 3034984.8 | D22: 20.665 | E22: Counter-Strike 2 | F22: 925940.31 | G22: PUBG: BATTLEGROUNDS | H22: 278095.62 | I22: Rust | J22: 85515 | K22: Stardew Valley | L22: 58648.51 | M22: Grand Theft Auto V Legacy | N22: 55605.21 | O22: Tom Clancy's Rainbow Six® Siege | P22: 51338.59 | Q22: Hollow Knight | R22: 50741.52 | S22: Team Fortress 2 | T22: 47672.62 | U22: War Thunder | V22: 47551.92 | W22: Dead by Daylight | X22: 47389.1
A25: Fuente del catálogo: https://www.kaggle.com/datasets/artermiloff/steam-games-dataset
A26: Fuente de actividad: https://www.kaggle.com/datasets/lunthu/steam-monthly-average-players
A28: Resúmenes de Python: 2.778 videojuegos con los 21 meses completos.
A29: El ranking se calcula para cada mes. La suma no representa personas únicas ni todo Steam.
